tag,count
#construction,6
#woodworking,6
#renovation,5
#homeimprovement,4
#HomeImprovement,3
#constructionlife,3
#electrician,3
#electricians,2
#Woodworking,2
#electrickettle,2
#homeimprovements,2
#skills,2
#wrench,2
#Craftsmanship,1
#renovations,1
#homediy,1
#Renovations,1
#ElectricalWork,1
#Renovation,1
#Construction,1
#HomeDIY,1
#woodworkingshop,1
#matcowomen,1
#electric,1
#welding,1
#HomeWorkshop,1
#professional,1
#electricianshit,1
#journeymanelectrician,1
#constructionworker,1
#skilledtrades,1
#craftsman,1
#skill,1
#ryobi,1
#makita,1
#reciprocatingsaw,1
#hilti,1
